,Asset_Id,Asset_Name
0,6YQZN,MFLAHZZAMZ
1,60SL9,ULYNMRACPU
2,E0BCL,EIJGOBZQKC
3,2W3KT,BETZFNHKBT
4,6AD9O,IJCRYAVGDW
5,AGRTJ,MGIELGRJKV
6,N3RZQ,BXYXKTYOSY
7,PIEHG,IFVEDQHUZU
8,OIDPJ,OYRKIWTFYD
9,A29YM,UDFHHDHUXY
10,YDBPL,BEWTOUBLAR
11,3DAL6,PDFWSYXMIK
12,F44ZS,TURTIHNNAW
13,JTC1I,YQAYLZNBRT
14,DZYEF,YWSCNZUVRH
15,L4XF3,NDUDEINLWW
16,DMT4N,CFPUEKEDGM
17,AUQA2,VGQIESCTNQ
18,KHK0E,NVCDSEZOWD
19,1GMTF,CPYXHUKZXT
20,LOIM5,
21,GSI2B,OYYWECEJHG
22,K8AJL,UAHHXHKNTM
23,SWREZ,MFKQAYQSNG
24,8B1RO,NTYKQRLCQW
25,36VFJ,DUJPOZXPRZ
26,E00N9,ABWMPMLKTT
27,9I0WP,BOCMODXYLR
28,AD7P9,ECSOVCNVVH
29,9LZTY,NMTJXUHFMO
30,P9ZOD,MYZSXUUFQN
31,L8P5F,SHTBQCHJSE
32,HMUKM,TMVPNPYFPR
33,P72I3,HYQRJOWGKE
34,8JNXP,PLBBMDLMGG
35,21UN5,YADSJTAJBC
36,4O9J9,LWFTEVYUDG
37,V7L90,SWLXMQIJFO
38,TSB9A,PQLIQHRKVI
39,MYFP8,NJJHDJFJUO
40,0F975,VZRZEUBGZY
41,IXWKC,DSIBPCKJGB
42,KIRE9,DJBKTQKLLF
43,I5EQA,BOZYMQQHLT
44,08MFG,HVWAENLWAS
45,BF4O5,MZHUMICWIK
46,21RVG,BEGOHFQEAH
47,T18YF,OYFBKLNMAK
48,XY50A,KERLZHRUAE
49,IU2MM,AXQKVCQIHV
50,DDV1P,UFRGCPUKVO
51,C4EUD,RZNWCSJRSX
52,B5KNV,YWOAMOHZZR
53,GGV03,EQYMGNCFUP
54,CORE4,ZWIVSZDXNP
55,5A731,GYINXEMBAI
56,XO5K9,LDMKDDMNOQ
57,3NFU8,ZHQUHLDPKF
58,5G6NL,JIQGFQFNAQ
59,SS410,SOCTYYNZAL
60,GQAH2,HYGMNYSENL
61,XIZAY,CVFNGBIIWY
62,81I63,CDSFPDUBPS
63,50VHQ,KGXKPFTWEC
64,YTQCD,SCPCGJLYSX
65,B1IB2,QOBSTDATZT
66,NXTT7,JIQLJKXOJP
67,FI5RP,JPPJGGQCVY
68,3KBYB,NNJBJUFOIC
69,9KBET,MEIXOADRSX
70,KL4O7,JGFMNHYXNZ
71,MLIKN,BHEEGBUHBZ
72,8IC7T,WRYRGSHJIC
73,7HF49,EDCJCWJJVS
74,EMEX7,QWDJFHLZEQ
75,CGRGS,XCXZMNBXVH
76,Q968C,PKHXSQKABX
77,ZDJSG,VNPVCASKVS
78,1Y4F7,GNNUKAKDER
79,ZIW43,ISMJGKKNKY
80,EWKPR,UFGGVUJVLZ
81,YK7JA,GFOCWLLUBH
82,BM20R,XXDXDKMPMJ
83,I4DRF,VZOKFVBAST
84,705RT,VSFOLNLGWM
85,EROEG,MKEIRDWTOM
86,VSU2J,XPMNSRWLXU
87,RTDT0,XDDTVFXZSS
88,CRL8F,AFNGTRUUKW
89,BQ5EI,PXIUELFCVC
90,QEW6B,APGUHGMSKU
91,1J2S1,YBARBSXASM
92,Y1SVG,QJOJMFFGSE
93,IYM76,CXNLDHYXTW
94,TMK18,TLFTBHEYOO
95,NY5S2,MEYKARTQAG
96,P0VUT,WLVQFNQXOA
97,3ZD90,DIMSWPKMNM
98,Y4K05,FNHUHFAXTV
99,WZH0X,TLIDMQFKWT
100,ENU6W,MGTLIFRIUQ
101,RBYNV,LTYWOLOGPC
102,0ERFC,MUMZMYSSQI
103,V3NA2,IZLSJKDXHZ
104,TN5N2,XGYLNTXDNO
105,HRTV7,MHTPVOBEDL
106,DQEZ0,YFOTSPDVEX
107,NA90C,XHWSPDRXVR
108,8HFDM,NVFNKKZUBQ
109,TWT8E,PIZKYEAEOW
110,OAACT,CBNOQGYHJS
111,PQ6X1,JRCYXRKHZJ
112,V1Z0N,HEWRMNUBSI
113,XNXL2,TSBMHPMCFR
114,Z2LSW,QBMSBVPVQE
115,C1X0B,JQYZYDWTQT
116,SW3HX,UUQCMCUNHU
117,B6ADL,VTEFVGUZYA
118,02CF9,MPDDYGBGXP
119,AXGHD,XSAOXIENWT
120,WH3D5,WEMFEZSVWI
121,72FOI,RWMWXHYGSU
122,14OSQ,IPJJOJBBJM
123,YUULM,VYTHLTIYZL
124,2ZRZE,BRSBMAOIBM
125,31TWS,ZDCLPUVEEK
126,YYFWP,JEKAJCOFZR
127,15EA3,XFNCQPQIQT
128,8VRM6,TFCABRYIWK
129,TD22W,BOZLWWODOK
130,2B8U8,PWNMYLQDJA
131,BLT8K,EKNGOXZWSA
132,6NYB8,LRHRPRINPA
133,FLZ4F,KYMYAXTNAK
134,ENGVL,LLAKQGEUVK
135,4YFGV,OCNUNJNXAG
136,W9EPT,NSEYKENXGT
137,9MUHD,FFIQLFNTHK
138,1KCIS,KCVXQESVRC
139,42Z8J,QYECGIANAN
140,V7ET8,VOMLTKDIBB
141,YPZ2O,QCOYTGJDLX
142,VO3TW,WGHCMQAXKY
143,ZL8CS,IKTPFVKCBS
144,5Z6VL,JWYQAQVOZO
145,APGUI,TKYSRFKPMP
146,QYYIY,ZUSDHWIBLR
147,FA5II,DBXUIDWOVN
148,EFA8F,TVMEZNLFPS
149,TUQ4I,PLMMNOAVRF
150,BPOX2,ANRGVCEXAI
151,8JCK7,QKMIMBNXGL
152,KAEIG,GVIARTHMPS
153,T58ZD,INXNSJGFEG
154,SGIP7,NWEPMJQOOC
155,6L2VH,PBUGDIOCSK
156,CPUQ5,ASRFLFVOAZ
157,UVX1E,UOSPPMEXXP
158,PKU0D,UNQFFEXVTB
159,Z4XU2,HDYTHAMVYC
160,ZUA08,HGMRVYKVOU
161,70MLB,JJWGZTHULO
162,JGOY2,RWXGXGLFHY
163,L65LS,QORDDRZHVM
164,TUIKF,
165,QT2PX,PIMQAXBIRH
166,H4B0N,AJVHVENFBC
167,1VJM1,PDDLFHBDTZ
168,ZU2D5,DOAJBSOWYU
169,AHY3B,FUOTBIWXSZ
170,DYT8Q,ACNFZVBNKH
171,WW8X6,LLBHAAPPIL
172,CVCIP,OFUUHVRLKE
173,IXYT6,LPBSNTTIEG
174,ZQYJX,FGEFNSHZKQ
175,PYR3B,UYPWSGQAHQ
176,4FE43,GGLEOEWNTV
177,3SXVL,TPLMVYODGG
178,R5885,FAJQXUHQJS
179,JV2OE,IPTRCQSVTV
180,IZDS7,RUVONXHMJK
181,W8G1X,JBCHXQZLHX
182,3NS50,GSBBUVMFDA
183,JGBHL,OAQJUYZUXQ
184,P8Z8C,TWVDFMTTHA
185,IHDHN,QKLACFMDEX
186,SJDFE,IHLMECCVRY
187,9DZL3,DEQGTVOPJH
188,KXXV7,OJPTIHTINE
189,UH2AM,IQTCWKPXPF
190,MTSKB,MUIPVHTZEU
191,TRRID,BUFIERWDII
192,UDP09,KLRNUXCCIC
193,WEN9X,JJMVZADLDH
194,N0J5S,TBCYBARFJR
195,XKGO9,XHQDAMPELY
196,9IVP1,ECXXHJZNOK
197,MIPV7,QYHPXPAFEQ
198,A9K42,BZJCCQGBSR
199,8FILQ,ULIUZVBZYJ
200,TYU0L,NPBLKSMFFP
201,WWXE9,TAMUOJQSQQ
202,MOBF9,EMMWPTXXRI
203,AGXT0,QIPHJWLQAL
204,KANF0,DVYAQJHEHT
205,G2GU4,QUNEVJLFNB
206,M5VHR,ASUSPANKOT
207,2FAPK,KQOUTKQQKC
208,Q111N,POGFZJQIRA
209,UPLIU,JSHVDWUMNI
210,ND0NO,YYFFZFQOJR
211,YWUWT,PTCHIGDBHA
212,E9EII,WKCXWDNNOU
213,IBDOD,CMTMBGFOZD
214,BJYWN,NIKLKYLXHZ
215,IO0TH,ANXRYBAONT
216,DNWZI,ATDHPLJNME
217,DLEWA,SILWWVUFMD
218,QCJOE,BJHDINIJVR
219,A36U7,GEOGNSBMPU
220,DX4NY,BESJYSFPMB
221,D5GS6,JYZCVYQRAA
222,7M0R6,CBVNJAKFXH
223,VWRQW,EMCQBKEMWR
224,TR9OZ,IORAEXFFIH
225,S7UVV,VFNQYIKAWZ
226,PR3LB,PMHUUEDYNX
227,EA523,PTORDPBOMP
228,DYNJI,XUGNYURHSH
229,4UVV8,OYFNAXIFCZ
230,PHSZJ,GIOLCBKDQH
231,LU1R1,YPOKMTJNEZ
232,GMP94,TOOLQSAFAX
233,XAIY7,TLPOIKKTSM
234,C2VU4,XRNAREUJRH
235,0OBLC,MLTPHSJLYS
236,09SPZ,JXUOOOAGTC
237,GCK6F,SGRKABMPJC
238,DQXH4,VMTXTLKSQY
239,H1QCZ,XAOYLOHSPF
240,Q9YS5,HFMHIYISVK
241,16CSL,LZRBPFCFYF
242,51KHY,CDXIGWWXYU
243,G7238,DWXBTGPHTB
244,5NEWP,HQYNJLBGYR
245,91I3V,JSXKMCPECP
246,JCG60,KBHXOWPGLF
247,6MS32,QPIXPKYPDC
248,2H4PU,HSOBFLUZYH
249,NFFZW,QETBILKSYO
250,RYRZD,OBVGDCFZHU
251,K2GVI,SYJFIYWJWL
252,OKF6U,FTGIVLELVT
253,I4MDE,GSIIXYCXRB
254,FYG0V,DWFBYIBOUU
255,SP9XN,DCYCOHZKEA
256,UAI8F,CJDPFEDQWG
257,KN64M,OFTSIJAVZJ
258,BMI3V,MQPLTIWKGG
259,CE9H1,IVTPNZHKCT
260,B5FID,ZYCBLRWRUQ
261,56W5R,LIPGXODUWM
262,36FD7,CEMPDGMKUT
263,S1EQH,TBVVAVSRYL
264,MKB11,ACTWKWLNUX
265,D678E,BYMOQGMDRE
266,C8CC8,KQJWXPIHJQ
267,GM70M,ACTOCCEVRD
268,BEK3I,LFFQBSPVSK
269,JBDNG,DBOBLEBCPU
270,M02JG,IQBQUQQOTL
271,U8XI0,SKZWLEOVXT
272,MFW9B,XFAPYIFRWZ
273,E3AL3,LEQGXTMOKJ
274,L748S,HNVBXDSSBT
275,FUT6F,LNMZEQFTCQ
276,ZYSG9,VMCDQGPSBJ
277,68XCL,XZFPCHXWIJ
278,9C5CR,THQNAARFIH
279,SAGV8,FXUJHONTPJ
280,GPE5F,DUYWGQCLKY
281,X94PQ,LROCCKNOKF
282,QW67X,NXRXDZUGVV
283,W7MAC,JZKQMDPWBP
284,P0RWG,MTVPOWSWEV
285,J2TVT,SRTSKEJUJA
286,Y3Y8C,HXYEDGQHWE
287,AV7KW,YPQGSRAPAU
288,88IAT,QERSHGJHNX
289,9WCX0,YZRDLCSKEA
290,CRMN5,JOHAGZNTFU
291,D53KP,PALPNLGCRB
292,U09VM,AXKEBSZVOU
293,H5VPC,FMIWKUSDFJ
294,S9DVF,LIKDLUSPEF
295,TG6B3,EMNQNPJSDB
296,FW85J,EWWBWOGOTJ
297,T9OJ7,QDBDMPBHUQ
298,MNIXE,ZAJZBPTXQW
299,7ED3J,CTXXMJEONY
300,OPV1D,IEJOCKKPJG
301,5GWTS,ONNZPSYGPM
302,LWP5Z,CNQADNXAXO
303,TF9D4,TSIULEJWSI
304,YMP7W,HWHKTQTSZB
305,MHMQB,YKODLNWKCK
306,OE8UD,VHKWMWNDSO
307,ZN5ZA,QKNCTVCXQF
308,E3ZIP,IMJMIUXKHO
309,DXLYU,KHIZTWGRRE
310,89X4K,HQEJRQNRKH
311,VUI3N,YOAJAVLLVV
312,R56T2,SVAOMKCQYK
313,6G7C5,XRBPDJAPCX
314,9CASD,TYVHDKROWW
315,RI5L0,PCGMYNDXTL
316,KRW6U,SVLPSKAXJV
317,78MLB,HHVEISZHDF
318,FZM6H,HELHOFAUNH
319,HWH19,SYCUOPZPMM
320,Z1GJ5,TSROUXBRVY
321,B0UVY,SRVPFYHAWS
322,0NYWA,XHPPXTTHAN
323,DQP1G,CBLFWWEWJJ
324,NKHB5,JZYMUOHUNT
325,CEA5D,NHWLGVSWDD
326,OO5W5,ZBSTEKQLAN
327,Y77X5,EQHNIACQMF
328,J9HJP,OCDGAMIHYS
329,5Z12X,ZQZEVVIYHD
330,M3VFJ,NZCVAZOZIZ
331,XWF1Y,HZSPTJQSUC
332,A07BK,OHMDJMEZMI
333,QB59E,YVWSBBLFOU
334,QUKXV,LTGDSFNCUT
335,0CNVP,OAXRWGWIGS
336,9HC43,UGLYWGNUGE
337,XENP2,JCFTNXUJAB
338,H0RJP,STMLNWITSL
339,UT7BS,VJCDDKAIFB
340,ILBCS,HLWJMQRBDN
341,5ANJM,IMLTQVFHJX
342,VJ8OP,LVHTZLZMFR
343,ZQ19M,HCOODHYJNR
344,6AJ6E,BRVCMBQATQ
345,4N2WS,DGTVZKFMTW
346,GE10E,ZLPQIWWAPR
347,F56KR,BGTOBDZXMO
348,I3O6A,LZJFIRGTEK
349,C6CU1,HBHAJSBLXN
350,2FF9U,NTLONCYHWA
351,QTITB,FLBRQFGOPQ
352,ZUHKH,SJIPBDLBEU
353,A61XC,LJKLAXZRCL
354,HU8FC,MSXONLGWNE
355,NXBKD,CWURLGXWWD
356,LR9U4,EYBCIYFKRF
357,44YAS,WGMFNCRBYK
358,64EHU,NHXEIPCNIA
359,GENCV,UVCWABVZGH
360,1G8RI,OBHRTMUMCL
361,KNOG5,INUQOHLSZD
362,XOD79,OICYYNRJEY
363,RMVM8,KCPZNXOHOE
364,FSRRG,SRIWSMHWWP
365,4TMST,KBTEIUNSYN
366,EOJTQ,SKTUUGEQYF
367,96VX0,TYJWDSJLBM
368,6NU5L,AXLYHIPHLM
369,WLV7D,TLIDGEXKTR
370,L9YAH,TIUBCHRLYJ
371,NWI0H,UNLWMGHUTH
372,8VIGG,VLGQILWSDZ
373,NIFSC,AQAWYEMTBM
374,6MTN2,DWYZTBQQJR
375,ZAYRE,VBZBXVLYPP
376,I4X4A,KIDYVIZCDD
377,4VKWA,BLHOKKBPVH
378,TM1HW,GIUVSQODJB
379,3MAQK,POCXGWPIMG
380,JVCOT,DGJCZYVNSD
381,IWH1V,HJTKZUJXBB
382,CTZE9,PYCSQWGSMY
383,9JD15,LWWIDIBXPG
384,30B2O,RAACAKSRUA
385,3OVXG,ARISXYVGGB
386,VBAXH,ECBFWPUSJG
387,C4AOV,GQWBYYGWPI
388,06ZK2,FYWCJPTYLA
389,M9V21,HAREQUBFOX
390,V099U,SCBZPGOYOV
391,8UT7H,TRZZTAFNGN
392,4FNVM,KJLWYYUTRQ
393,HMHOJ,XPKDUBZHPS
394,X5Y7B,SQHIGJWQHS
395,EWZ0X,ZNVFNOGGLT
396,PIG13,AEYLJTTYZH
397,IUWH0,KOUBGUFJAH
398,6QZDU,EKWMZYCVQK
399,76ICO,MXQJHVRQZR
400,4OY6E,WXAFOHXRCZ
401,7IGMO,LVZEMVHEXG
402,AM20S,SYHIKBJYRY
403,NZ2SR,SSBKBDCJQP
404,BHMQI,FFHQFGTCDC
405,BJOO8,WPONNRERHU
406,NVH60,CVKOZTMUFX
407,VGSEF,ZAHNNXPNVT
408,ZEG4D,OYZBHZVHNH
409,7G9NR,WSOGEIXLKV
410,PRAZC,ICYDHBAZBM
411,6YZLR,QNWNKUMZXQ
412,BSBD2,IFTDBGYPVF
413,6UPKJ,WQWKKAXYSA
414,RLLHM,GLYBZSPTPZ
415,6UFGF,KXLKPVRSJZ
416,PZQ29,ETIINQONIZ
417,PK6TK,UFMALJWAOP
418,X30JD,MTWIUGDQVQ
419,I8UVC,KQOLBGFSCH
420,GYDEC,RBSWWFENKC
421,VDYYP,NAHQXXFUYG
422,CEMS7,NRRKZQVDBK
423,D5NGB,OYJXXFQFLK
424,Z9IVW,WLCMTBQNEM
425,PG9NI,MXRRRAHFEB
426,DK851,RFLOMCSKJP
427,21LOC,FJLJWUOUJT
428,YLDTS,KBZMREXMFJ
429,XQWDW,KLWYPZVHNP
430,YC8LO,PJJXVOTGCB
431,VYPCH,WPXMPHBIXH
432,OP2LT,TFMTGSFQWP
433,8PIM3,YOLORKJWZB
434,QWCXP,BMMSRDOPRX
435,NVGSU,KPTCAQZIEV
436,SL95D,JGKFRJIIBB
437,YWUUA,SWDJFBTKSV
438,76CYR,XVVLDWSJII
439,4N2PA,XMCXENABCQ
440,C1EL0,UEMGGEXLWP
441,JEHXF,HDNRBCWRBM
442,MI7PC,AMPEMGCXDX
443,LHBJG,FGIQPFRYBF
444,FXOM7,KNLLLSYGPL
445,3LRAN,RTXOGIJTNI
446,2573L,ANILRUKIBA
447,GJRSK,BHJZTDULTY
448,A6SQE,CBFEJIFEWU
449,RFPE0,XXZSIVQRFL
450,1FWRW,PFSELLRGMR
451,UITNS,REHXSWMTPV
452,733RA,LRWHRRQMLB
453,LJ3NT,MIFRJRJGRG
454,37BQC,KLQAONNNIM
455,GWQGY,FTYQYJYOZT
456,2SBLA,TXNJMXUHUE
457,W6Z6D,WEIZCOBXQW
458,0CU1M,VNGCNOBVGD
459,I8MU6,QWWZRWJTHK
460,RPDBZ,VGZCKQWLEB
461,SGOK7,XEOCNTHQIP
462,EJU8N,PRIVMKKPBM
463,7TMF2,QPXFBLTLGX
464,234X0,NYQGJAEEKB
465,EIYN8,IZMXIYJJAQ
466,52RNP,BZQWDDWQDJ
467,857SV,ZVCKXVKCGS
468,WZFPT,KCMFJWANPI
469,3JYVA,DACVDDJIST
470,3BW36,WNWNETTYVK
471,KQKZC,QCKJBSSSZN
472,OOZ7I,FBODOVQDDM
473,UK2EI,JBDPUSDTAS
474,WM6LI,YMKGMLIGJG
475,YMEPT,LOAMANYGIP
476,BOXS1,JQXBCZCYVT
477,BKEX1,IDBRIVKHAC
478,RHD5X,LFFZDSNVGP
479,RD3DS,LIBCDWZTFP
480,XK389,TXUXQCJBYF
481,CFJVP,NVQFIPIEAS
482,O5P0N,HDFQTABAIK
483,I2258,SQDWDIPTZA
484,8ZF9N,TMDTZGZSSV
485,1CASY,INWJYLEJCK
486,8VMOP,HDPBDWIVAI
487,672RB,JJOCUYTTJK
488,S2PR5,YFTKDGUKZM
489,JJ2RQ,RLYFTNAJCM
490,6QI7Z,TCJWIRDELG
491,3V199,MWKCEMDZVF
492,WHBFR,INAVDEXPRL
493,WW62Y,MMAPKDJBBZ
494,DDU5H,KRFTOEDDDL
495,FXCIB,LZEEHJQMAN
496,HJZ0T,OUOMKBFWSO
497,ZMDC1,TFXOMUJCFX
498,TXUDJ,CCHUCUTNAA
499,X8ZEC,FOZFZTRXZD
500,UQLF9,QPWWLHNOVT
501,VY2OV,NGRRIATTKC
502,X847S,DZYRTIGYJO
503,ONI1V,BLSMLZGRIW
504,TLG2U,AIUGDZXESI
505,EA3Q8,XZALMDMVPB
506,KQSJ2,NYDISDHCET
507,3L627,FYIFXXAVUG
508,D8WAU,PHLEHSWHUM
509,HSS0T,JPHHRTFOEV
510,BVUE9,OGMUPLAQIS
511,LQA42,OZZKJKUIEB
512,M71RN,HUOTZYKLSB
513,MYMQ6,NDTQNZLNBP
514,5WLZW,BJWJOYPEIA
515,GIGVX,BIQBTLDTZK
516,Z2EQ3,REZCYHIRKL
517,JLTHL,JBHFLXSQBK
518,V2FYE,RDMITHSTJE
519,UYGY2,ACJFKTQXKF
520,C4YT5,GDOLPFDISX
521,T4M0B,VMPJXLFMRN
522,543AD,ZKMSJCLAXW
523,S4Q9T,UUZTKTJKBM
524,WDQZ7,QCKLSVNRSL
525,RG94W,ZDQXQKRFFF
526,M8JAM,JIOLHLEZOG
527,4BXUT,TAKKXZZRRW
528,O2YL6,BPIEVEBBUN
529,7MWLO,TKDNHXFDLP
530,0G74R,OYAWEPUUIX
531,VXCBA,EHARHXUGKO
532,HI86H,FDVKSYOIIB
533,25PGL,ZCROWDIPBI
534,YHSDP,OQROVFHCKI
535,E8INY,SZPDWCPEWB
536,3W4ZD,HXYYCBSUWR
537,6Y3NX,ZJSHNWCKYS
538,VD3XM,ZQEAVKPEDZ
539,9EGJ7,YZBDLJHDEU
540,0GCDJ,LMUBMRNPMB
541,5AB7O,RQJZMYJHVB
542,CHC5A,BCWNQAKFNK
543,21S3Q,HETMUZOXJF
544,BR89E,ATUXNGKYKP
545,0DOVQ,XNXDSHTNKL
546,AKBZT,GDTAIKAVZV
547,8DOD8,IXUXAIQVOP
548,1M4TO,PSOBIYZBYQ
549,3ML6S,IKZRIJFOTN
550,VID5F,INOQDCVPDV
551,7CBJM,OOLYFCNZPH
552,4FNJZ,YHCIXWOYPG
553,C9KLO,GRLTFFVQVK
554,T5HDD,UBFFIOXJIC
555,RZV0G,FXIHIIFJRK
556,FWVWF,GWLBVRQMXH
557,I2OH7,XFHHLESBEO
558,8A264,NXRFOTJQTJ
559,MJUM0,PULOAOUNWD
560,FYTQT,XELANCPUNX
561,Y0UR3,QKMSSHHRCD
562,2PTEJ,MQTENSCKCJ
563,EMKD4,OUIBZKJNBB
564,35WPS,KSUPYLRLRW
565,QRLI3,XSCJYCXYAF
566,1E25R,MPJIQBBXNJ
567,OI5SN,GUXJNOHNME
568,B42ST,BYURPKPAHZ
569,HMOJ8,HGUIQCBMIA
570,UT2QX,BUOHXPESXS
571,2JI1J,GVSEODRRBC
572,3LCO7,ISCMXHOSRQ
573,CYIGV,EYNCAMNMUI
574,FFPAA,CRSQLSNZWF
575,OCDE4,EFMNHSDDGD
576,L14RU,DYNEAFZWPI
577,7GLQR,BDAXMNSHIY
578,UB011,TEJZPYFLTL
579,4HPVI,JXJBZNHAKM
580,E8391,AVNGOHWRGS
581,LO45J,DFLDLTVOJW
582,4TNGS,XQENBBQMZW
583,S46RM,DGSFIKUFAR
584,RXOHB,RELUREZGWS
585,IGNEY,DMMQXDCWEO
586,BF077,XGPICKQXNW
587,UX6UU,DCCMNIOJNW
588,0J4D6,BHCCMGLQVV
589,1BV6J,RUKLTZDARO
590,YLPSZ,NKXKDALIDS
591,XN9FU,PSTTXQSOJR
592,Q5DYE,ERMIJYGKSS
593,DOYSQ,COGGUAUCAP
594,BS53D,LCZZHEQQQL
595,JGZEL,JCASWDWUGT
596,HIL40,QTMAWGIZLB
597,7CPBF,NDREBSCANC
598,8RWSJ,UCYAPQTTQI
599,NM3L5,IBZHEDAAJI
600,XK23M,AZLPZZZNAB
601,HOUVN,LAEAHUCJNZ
602,BDWLN,ZHHYITJPZY
603,U0P1O,NESTHYFYPX
604,87SST,LXJZMILBLO
605,Q3EI5,LXYKSAJUCT
606,3LP5L,XSDTTECSCV
607,5JBQ9,UVCVCNLCNX
608,XR5S7,CNBBLRMAZP
609,XAEK2,ZUPRVMYQWO
610,8G26U,ZASNZMBBTP
611,E2OTQ,OALBIIVMGG
612,JC1JN,ZNKCWYFILE
613,5K0V9,EXQXNBIWXY
614,L3W8G,BUFPPVEYPZ
615,T5PJH,DMAAHPXCKY
616,LRZW9,QOHFJAYFQA
617,Y689F,RGDOCXFURK
618,RX9PA,YUEMMRUBCR
619,SDPJR,VQYYLFZHSZ
620,WJF3M,PYESIDQPSE
621,9B6K1,GVFBFRRHCD
622,3YSIC,RRIIDLXWSZ
623,49AO8,JRIHIGBHUO
624,ZV4W6,NDWGDUAHJQ
625,7FMT0,FOELVUQREE
626,NU494,WESQMDIZRJ
627,Y2APN,HJXVIPVCAS
628,QAXUI,WZCBBQQSQQ
629,P8JBZ,BRCIGEPUUS
630,LK4MY,UMHPNLQRWQ
631,93OMT,LBLTGGDHWP
632,XT2GG,HPFNNNRPLW
633,FH0EQ,PRRERCAPCO
634,DJ52V,PSBPCAOUZM
635,RWQSM,HRVSBGIFUI
636,S0KT7,QYQVSHMLTV
637,69O5U,XSBENHQGQS
638,5PVB8,PVGJRJMQYO
639,6LPDU,JLFWXQAHLW
640,PZLBU,AELTEVOMDN
641,V31SF,EHPLNVYKMC
642,QI9X8,UNVEPSVFMV
643,E67II,YAZIJPEKQY
644,6RUQH,ZPTUTEBGON
645,RLC4G,JHZSEFJZIN
646,4DCNE,OFBUEDPRGP
647,Z1IC8,UCABWTYZKB
648,FQOC4,JUAYHZZQLX
649,DXCQH,EGCJUFLZAX
650,F6QIZ,DPMYHFRDXU
651,JH895,MMLMKPOBIA
652,P23BY,HLBUHSBRTK
653,6GGYQ,UWPEKGEMND
654,OLXYZ,LSXENJTBRT
655,1CI70,TLIBCZIKUO
656,HSYKJ,JWHZTOGCZV
657,2BI4J,JKHDYVGBRQ
658,IASA9,IJALWHQVXI
659,7P8KK,BZQHRKBWQE
660,3T23T,
661,NU1F8,JKKTJUOBNA
662,4X6U0,LLAIMEZBLT
663,X97CQ,IUKBEYEXOP
664,MYTT3,
665,GDURW,GVFYDZQXID
666,1IFPF,XBANCQQVAE
667,0FWDB,VQFGISRLJI
668,EHI4A,UEDOIEKJNX
669,OEJ5R,KPAFFBIOKK
670,W68CI,QLSISYQQBZ
671,WO3GH,DIVNXDXLCJ
672,77NGN,WGGCBKNROM
673,LEG3C,IHWLOQMNXD
674,QFWJP,ISEVPVGVND
675,EATNP,VXBGPUAPOJ
676,PY5JC,VFZSWYKYER
677,UKLJW,FPOURAFZCH
678,DUJH9,YGIIBBBZQC
679,HQZRP,KTKZAXQYMQ
680,IM9H1,AHGBVUORBP
681,4X5V5,IRNRXZSIRB
682,8K3L5,PPTBXZZVMS
683,N4Z08,SKEHFMXOIN
684,R0P8Q,JRERGXYHUQ
685,KHNHS,XPPJAIDDTY
686,ONXNQ,REQPXNARYB
687,RQIQY,SQPKVIUJXO
688,GZ7BL,OUIQVAUFGB
689,XT1MB,LMDPINPCHQ
690,OSR5X,IBRHNKHYAS
691,16DXK,VOMJDMXPNN
692,VAQHQ,
693,4L4Y4,SJFNTNMWSB
694,0U2Q0,ZUXYZHPGAJ
695,12S2Z,ERSEYZHXOL
696,C4J6E,XKLXRJTVBH
697,MVVHJ,NUXVUEMFAF
698,HIASB,FHVUKWMEXH
699,CDZNR,VFGTUKQGGY
700,FE8PY,LZNGQEFREM
701,OQEPL,GIKDJUISGQ
702,9K39Y,XUULBETOPR
703,TJUFU,GCIGPKBHWQ
704,SCHC8,NHNMEBGHDS
705,4AQVH,FDMXJTWWRJ
706,04FK4,HAAKFKMSBC
707,4D5NC,IYYYACGPFU
708,ZG7L3,QSTZZEDJQM
709,IGAKD,BESJIUOWPK
710,GOPYI,EFNCAPVMWA
711,MGY5X,VCIXWFMEMF
712,6VS7Z,MRQFBJJVFW
713,JX7TZ,IPGPYNSSSV
714,6IABU,HUQTSAUWLN
715,U5L0U,HVUCKCFFPT
716,PEH3Z,CPZTOQDVUQ
717,SYST9,IJBGAYBUBW
718,XA84L,PPBQKOQKXB
719,TRQ6S,QAQDYLPNMK
720,6XCCA,KXBRJRVBHL
721,KEQC6,EHUMXXUDQA
722,F6X8A,YHORAHFADA
723,M1E0Q,UWMJONTILF
724,Q6XXD,ALODQDXQCQ
725,1FN0Y,MASNBTAFYU
726,XDSHZ,ENQVWFCPZB
727,E4PZ5,GUPJDESXZO
728,N24VO,JBVKQVQCOP
729,EUWRT,NRKBQYHVRJ
730,L19OC,TKAOVPYEEZ
731,LHMBP,KRBCDMUUYT
732,S8562,ZGELPJPLVM
733,MB041,AWQCHYZWSJ
734,2YNB2,FTHTNBLGWR
735,VJN52,ZNNRYMTJMP
736,LNDRY,GZPNCMOEBW
737,BA2C7,HXFLVBJDEP
738,O9D5L,
739,ZA65L,GCKFGFLSAP
740,OVHQ2,EVEDLGPJBI
741,BQ93L,GLMEBCODGT
742,SNIN2,ZPYQHZJXLX
743,N18GZ,ASQIVGVZGV
744,D12ZV,LATUUYJKRI
745,6R1YE,AWPVNRMRNX
746,PZLVU,VUCLQOXMNV
747,S92O6,ZJQQADQAPU
748,Q252A,OPOTLTGFDL
749,0QS8H,XUZYTQIWJO
750,ZNFA0,WSFIOEWWHY
751,5821C,SPDIGFQKRB
752,3HWK7,
753,48B3K,TUPDLHJCVS
754,GLNMQ,NHLVYYKIZL
755,XQNK3,EFHBIAKEQF
756,ZKIOB,ELJLGWARZS
757,DY3IB,HWNXIYLSLO
758,PH43I,RAYPZMQVNE
759,3ATVK,UOAVYBDSJD
760,OONSV,CIDDLVPJBH
761,D079T,RWCPCNOJQP
762,F45TZ,RCIABHZDGK
763,9AT7U,LNENLSIXFA
764,1R713,TUEZTISJNZ
765,KE7Y8,PUFTUDNBGK
766,3D4DX,XHUWSEHJFA
767,U07BP,XHPEAXMISZ
768,PEE3I,RWBEPKYZAU
769,JB5LL,TARIMJZZRG
770,JNWX1,QZVFPQFETJ
771,A1625,
772,AX07R,YKFXZQHSTA
773,9FIHA,AKQWTWGVMO
774,9JC3E,QHAIATKUPG
775,92C2B,KLFOKFZUIU
776,QYAT4,LDVMEPORJM
777,8OZUY,HQEGOOYAAQ
778,9FE7Z,EXCKMPPTQV
779,M20XG,PEZHUQKALA
780,P4N31,NAQOLNCCID
781,42UBA,JWDEVURDSV
782,G76AD,QWSFAVMYYR
783,HZT7R,QAOTPNWVTF
784,FNR2F,WSTQHNLBHN
785,GXLDN,KKXJKSFWDG
786,0GR7V,IFSRWPCMMD
787,U2VQT,UPNTRQWWDE
788,KZRAE,ZFEFWKIBLN
789,XXE78,ONRXSKTMVU
790,H7W5T,JWIYZXFASA
791,41ULG,UETNHEXGQX
792,K4UHZ,CUZGCAHYNG
793,PNGBA,IMFUMFHGVK
794,I96FF,RZRTNVTVGD
795,YROW7,EZXTJVHRFK
796,66KZS,AIPINVSXEB
797,5QXXE,ZFOXZKPLHP
798,19E9F,ZAKMZDDNLW
799,WSUTG,BZAQHJVGHV
