Customer_Id|Customer_Name
NOPWHFLNUMWNAOO|WAHPKWFKHPMQPKTEOA
CRLLDNEMYVNREXV|SXLLDAFK
YAAEUQJZFXLXGDM|QZNZVZAHIUZKSP
DVLGNLBSPOJIUIX|DMZHFKCBPYEMBEW
DIBKHVJDIIIKUVA|CVNVJUVWMXBBIMLE
PMWNSQNLMJEINQA|R
XMQCFDOCPNXTBTU|GLKISEKLWUGKNGBTZL
HFNHUVWTMYKOXQI|S
CIJQOWZZFQALBDF|ASMEQAQFBVHH
SBXSQXKGATOSRLM|YKKLQIPLGRR
RDKORHSIKBAHCOI|QQXEUNDTLUI
YXHVZBGQVATTSJU|Y
VGBREIMNWNFOVBO|
HHPFWCPUWRGSONM|LILETPB
GQYTZZSQONVMAZU|MSJTPEYUTIWDFBMLAT
FHOTKCESBJDPDJK|JSMKAEGVMMEEJLWBB
WFKNDUIZFEMEFQK|MGNTCSIFKTAL
FUSNJOLPKYMLLHY|XNTWUSBOLRRMYGMY
AQSEEIAWXAUHPDW|UR
VZJUMKTOPMGMQTY|THZLJIDMD
TXCHTJDKTIJRZMH|HUPGSE
IEGSRFXFELBHILX|UMZHATEGPFMMUH
ZNSZAMSQQTTZUQK|VUNXMFJNHYYEAMD
SMMPUZOLFUKONJF|UXMQIVWKZMUUSU
RDPDKZMAAANTLZN|SZHIBDAAPYNNPQTP
TJRZWNDOCXUYTPT|YZQ
UFYKTBTVENUKAES|VCWEIOEPAQRDZU
NOVBMKFLUIDDTMH|MRPEXMGJICIIMNMBZBNX
JCNNNNKTBNCOPMM|KAYFCLEMWZGK
DKDHGFQKNTDYAPU|OVIGEXPURSBER
THYCDPMMMKMVOOF|R
UJYGRMBLTNCMZGE|DQDIRVMHMSIVBOCVI
FPDHCGMENKECXQT|POZXURXUOSEJBQDF
MGIFQAUXQVAFFTF|VDETHGKCLW
JXCTPTTYOIGFQSV|GCHWNXNAY
XMJTLMTFPWNYXWP|AFCZARLEU
MNBNWCHIHBRVKNJ|WILQKDBLBYINLWO
ZJVMBLLPPVMXVHI|QONIY
UPDOXGVGHGEHXPJ|P
RBHZHWQEAWJLSRG|T
WSOJIOWMGAELZYS|NSQMGBPG
FICYLLGRRABMCWF|VC
WARGXDCQFDSXMQD|DCPPXFTIVIGQHBFWL
TPEMASSWSEGIDPT|XBDNRJNXJIFRWJAVMRJ
HWPAYTMPYWHIAVY|UDKDBUP
LXEBLGOZSHPEEQH|APADXULBLXO
DRTHHLHQIWWYECA|VILIOODLMT
SQJCAFGZRAQKSLV|CNHELQLDAEXRZ
ZTXYILGVWMNZBJO|UT
BKXZGQIRGYAUGFD|QU
DXDFRRATHHEZVLC|BMPDKZGOQLJSZXP
MCDMNBPISBFNDCP|ASRBTU
WXLBFCXYKZNSYBG|
XKEATKNXRCOBLHF|WHKEDTZHVLMXIJDLIW
IGLRIVAABYLKVJV|NYEPAHBQHN
XCZSIVURGMZCSRR|IFLZOLGRYBACHOEOFLV
TONQNGBFMQRNMSF|UKI
TBZKQKEHCXMRTIN|KVWADCOJKUTEUBQHQHJ
SKTQLOQBKRZGOOK|B
EVKLWLHAOEZRTYH|JCUIVBVWT
FXMJHJPVKLCWCJF|U
GQJYMHWKUBYDAGT|BZNEAESNYNCSYLPIXUGW
XRTJARWBHNWIZXP|PLAHISIO
ZJDVTKEGZXQALYR|CQCUVBZSP
NAXQKUBDJOUUCNC|AQPAR
VLRTKDIYXZDWEKI|O
KSYSSEOQOMQMUEB|BUHDFUAYSBWACBWQVS
JGETJMDJRHQLKHV|NUQGIHHRYRDWTAILXUMC
YJEXUIIWTSNELQF|HVHABCEBJTNLVQV
QQZJLOYPZXSLIUO|CNRSDHVOXJRWEF
TLYBUSSKUQDAGGY|JHJGQKNJEGILIRGUA
EIWDPSMSWWODHFT|IWTMUSOMEAASE
GSYWSJRCMEDLQAX|
LNOVSZEESVMQDDM|CNTPCHAEAYKEEDSJ
JOLCXIOOFTZPDKS|KUFP
PQNTGLOETUZGQFZ|EJPKMTFSGQMXDHX
HNBJVQHYKUDMTCM|GRYVBHBNOAHKD
EFPCRLRBXBLKPJE|LGFVUQEPTDQLIYTAPNTQ
NFCFOVOTHCUBNSV|RLVIXRYN
ALXRVUBMYTCTPRI|MEKXHTGYS
AREFNQAABRUCEMD|JYZNXGDXZTFQZ
NNQTSDYKRBQJLHC|INKNBLPK
LQMUGMNFMSKHQIF|NXFTFL
KIRWQIZDFDXCHVO|FI
GFBNPRRKWELCSKU|WWKUVMHBTYMO
EKHUFMXEMEIWHNT|BULVHSLPRVFQN
QFTFBVKHWJEJLMN|BQUOSODABOEPPEIX
RMCWVUDASKXKVXA|CIJFQHACWASKLEOG
VJQCMTMAFJIIVLH|NWIKIDTLVCFFC
CMWGQUTDJXYUPNN|WLMGUSNPHLXIUNZXK
EOZZXMCUAHMMUGO|QEQOIHUCQCLLWE
MPJBLQZNVFOHGKA|TXOVK
TOESBRNEYXPNCHS|AEVYOZB
AIJLBRETEJVCIOE|JUUODJQUHTYCPVMRNY
CYTVCMKRGWKBDCS|LOFFWTETHHGZ
VGZGLBXSYWZLTEY|UELNRPSOIV
BGNCDNGUZNIQLTM|SQO
DSRCFHUWFHZMVGQ|LUASQ
DKGDZRVRJXHTIXO|DXRZ
TRVDDIZIHJSPGJH|ZNRI
